game_type,difficulty,text1,text2,answer,option1,option2,option3,option4,hint
story-nebula,Easy,The Lost Puppy,"One sunny morning, Emma found a small brown puppy sitting outside her house. The puppy looked hungry and tired. Emma gave it some water and food. She noticed the puppy had a collar with a phone number. Emma called the number and found the puppy's owner, Mrs. Johnson, who lived two blocks away. Mrs. Johnson was so happy to have her puppy back!",What did Emma find outside her house?,A small brown puppy,A black cat,A blue bird,A red ball,
story-nebula,Easy,The Rainy Day,"Jake loved playing outside, but today it was raining heavily. He felt sad watching raindrops fall from his window. Then his mom had a great idea! She brought out board games, and they played together all afternoon. They made hot chocolate and told funny stories. Jake realized rainy days could be fun too!",Why was Jake sad at first?,Because it was raining and he couldn't play outside,Because he lost his toy,Because he had homework,Because he was hungry,
story-nebula,Medium,The Science Fair,"Maria worked hard on her science project about plants. She planted seeds in different types of soil to see which would grow best. After three weeks, the seeds in the rich, dark soil grew the tallest. Maria created a colorful poster showing her results. At the science fair, the judges were impressed by her careful observations and clear explanations. Maria won second place!",What was Maria's project about?,Testing which soil helps plants grow best,Making a volcano,Building a robot,Studying animals,
story-nebula,Medium,The Swimming Lesson,"Tommy was afraid of deep water. His swimming teacher, Coach Lisa, was very patient. She taught him to float first, then to move his arms and legs. Every week, Tommy got a little braver. After two months of practice, Tommy could swim across the entire pool! He felt proud and couldn't wait to show his parents.",What helped Tommy overcome his fear?,Patient teaching and regular practice,A new swimming suit,His friends pushing him,Magic water wings,
story-nebula,Hard,The Community Garden,"The neighborhood looked dull with empty lots full of weeds. Mrs. Chen suggested creating a community garden. At first, only five families joined. They cleared the land, built raised beds, and planted vegetables. As colorful flowers bloomed and fresh vegetables grew, more neighbors wanted to help. By summer, twenty families were working together. The garden became a place where neighbors met, shared recipes, and children learned about growing food.",How did the community garden change the neighborhood?,It brought people together and beautified the area,It made everyone rich,It scared away birds,It created more work for everyone,The passage describes how the community changed
story-nebula,Hard,The Invention,"Twelve-year-old Alex noticed his grandmother struggled to water her tall plants. She couldn't reach them easily with her watering can. Alex decided to solve this problem. He attached a long tube to a watering can and added a squeeze pump. Now his grandmother could water high plants without climbing! Alex entered his invention in the school competition. Although he didn't win, several neighbors asked him to make one for them too.",What inspired Alex's invention?,Noticing his grandmother's difficulty reaching tall plants,Reading a science book,Watching a TV show,His teacher's assignment,
inference-investigator,Easy,"Sarah packed an umbrella, raincoat, and rubber boots in her bag.",What is Sarah preparing for?,Rainy weather,A swimming lesson,A beach trip,A birthday party,
inference-investigator,Easy,"The cake had six candles, and everyone sang while Maya smiled.",What is probably happening?,Maya is celebrating her sixth birthday,Maya is going to school,Maya is learning to cook,Maya is playing a game,
inference-investigator,Medium,"Tom's hands were covered in paint, and colorful pictures hung drying on the wall.",What was Tom most likely doing?,Painting or making art,Washing dishes,Playing video games,Reading books,
inference-investigator,Medium,"The stadium erupted with cheers as the ball sailed over the fence. The batter raised his arms in victory.",What sport is being played and what just happened?,Baseball - a home run was hit,Soccer - a goal was scored,Basketball - a three-pointer,Tennis - someone won,
inference-investigator,Hard,"The library was unusually quiet. Books lay scattered on tables, and a half-drunk coffee sat cold on the desk. The computer screen glowed in the darkness.",What can you infer about this situation?,Someone left the library in a hurry and forgot to clean up,The library is closed and cleaned,People are sleeping in the library,A party just ended,Think about what the clues tell you
inference-investigator,Hard,"Despite practicing for hours every day, Lisa wasn't chosen for the lead role in the play. She congratulated the winner with a genuine smile and offered to help with costumes.",What does this reveal about Lisa's character?,She is gracious and supportive even when disappointed,She doesn't care about acting,She is pretending to be happy,She is planning revenge,Consider her actions after disappointment
